group,sigma,v0,multivehicle,n_encounters,ade,ks_closest,p_closest,ks_onset,mean_closest_sim,mean_closest_real
calibrated,1.156,1.681,True,58,0.8180451506705261,0.29310344827586204,0.013314733391615373,0.8031716417910447,2.584625361244107,3.0651542479227487
AVEC default,0.7,3.5,True,58,0.81992862534072,0.27586206896551724,0.023776293742349925,0.7643034825870647,2.649457453886809,3.0651542479227487
no repulsion,1.0,0.0,True,58,0.8387502405867585,0.3448275862068966,0.0018657010516376614,,2.369443331772636,3.0651542479227487
