group,sigma,v0,multivehicle,n_encounters,ade,ks_closest,p_closest,ks_onset,mean_closest_sim,mean_closest_real
calibrated,1.156,1.681,False,9,0.3842400534072266,0.4444444444444444,0.35170711641299873,0.8571428571428571,2.2978118006356807,2.7618980909616844
AVEC default,0.7,3.5,False,9,0.3814920402168772,0.4444444444444444,0.35170711641299873,0.8571428571428571,2.311749285080473,2.7618980909616844
no repulsion,1.0,0.0,False,9,0.40185512408336377,0.5555555555555556,0.12587412587412586,,2.1830142189897357,2.7618980909616844
