fold,protocol,n_train_clips,n_test_clips,n_train_encs,n_test_encs,sigma,v0,refined,train_ade,test_ade,test_ks_closest,test_p_closest,test_ks_onset,test_p_onset,test_mean_closest_sim,test_mean_closest_real,base_default_test_ade,base_default_test_ks_closest,base_norepulsion_test_ade,base_norepulsion_test_ks_closest
vci_back,loso,22,4,22,4,1.039870160631835,2.552719624713062,True,0.6455669697856697,0.7210591655227517,1.0,0.028571428571428577,0.8888888888888888,0.0027972027972027968,0.5890379025935137,1.7750816109993928,0.7210206750080432,1.0,0.7565816985834575,1.0
vci_front,loso,22,4,22,4,1.096122646331787,1.9178899765014648,True,0.6847497281918958,0.49999615903680156,1.0,0.028571428571428577,,,0.5325965010827626,1.5999302331626906,0.5232075859943861,1.0,0.5315367873791096,1.0
vci_lat_bi,loso,16,10,16,10,0.6918566894531248,1.8168457031249996,True,0.6102208408117012,0.7296426592080848,0.4,0.41752365281777043,1.0,4.11353352529823e-05,2.2112760204906357,2.8945194564044505,0.706613520935373,0.4,0.759011062624761,0.4
vci_lat_uni,loso,18,8,18,8,1.1125183105468743,1.6970947265625007,True,0.6667318062174514,0.626670570535894,0.5,0.2826728826728826,1.0,0.6666666666666666,2.5486411133452016,2.825026226053435,0.6286674866955723,0.5,0.6386409753398526,0.5
